0,1,2,3,4,5,6,7,8,9,10,11
0.06524184184633364,0.1715618804107292,0.3842019575395203,0.5573747476254676,0.5968420346683114,0.24405281579554436,0.22472189969292697,0.18203279329964694,0.09182185148743252,0.0008054548376090572,0.0008054548376090572,0.012887277401744916
0.0014967913250383677,0.1287240539532996,0.4939411372626613,0.6496074350666515,0.5627935382144262,0.0014967913250383677,0.0014967913250383677,0.0014967913250383677,0.0014967913250383677,0.0014967913250383677,0.0014967913250383677,0.020955078550537146
0.08059084873353677,0.25120339020134336,0.4398202702160039,0.5487036509517397,0.5581344949524728,0.20147712183384192,0.20061977237922984,0.18433013274160007,0.07458940255125211,0.0008573494546120933,0.04029542436676838,0.048011569458277226
0.060745187484090316,0.2062805324980567,0.5606274594885835,0.5985932016661399,0.5277238162680346,0.0012655247392518816,0.002531049478503763,0.0012655247392518816,0.0012655247392518816,0.0012655247392518816,0.02404497004578575,0.04176231639531209
0.21135681522313293,0.374364032192608,0.5940093499735108,0.45724905777030717,0.4600118919562305,0.11051336743693224,0.10222486487916232,0.05249384953254282,0.015195588022578184,0.004144251278884959,0.09808061360027737,0.07735935720585257
0.16580296686755683,0.3404096310909131,0.6808192621818262,0.488605203246871,0.38002626919201077,0.0014672828926332463,0.0014672828926332463,0.0014672828926332463,0.0014672828926332463,0.0014672828926332463,0.06456044727586284,0.07483142752429556
0.24579105123360148,0.29085274395976174,0.3623842422033868,0.4027191839442855,0.42729828906764566,0.29715507860677715,0.29747019533912794,0.28423529258039554,0.24011895005128758,0.13991182916374237,0.1559827825136317,0.14054206262844393
0.20843091211469275,0.32777996575132373,0.3927856462623418,0.4319954218086701,0.43681065740207886,0.26965319323088965,0.2748123742238276,0.286162572408291,0.20774302131563435,0.09183342167429533,0.14239339540508714,0.12416428923003975
0.2576678743474257,0.304607370837073,0.3555417180917967,0.38300631710169675,0.3850037424842349,0.2816369789378839,0.27889051903689394,0.27963955355534575,0.25517109261925297,0.18426249153914745,0.21946711390638293,0.1922521930693002
0.2759651464273775,0.2970506446010898,0.3424655637444701,0.3503436619632198,0.3714291601369321,0.28407495341726685,0.274806602571679,0.27434318502939964,0.2544162307113858,0.23750149041818802,0.242830792154401,0.21456232207535816
0.30855585385996176,0.3639800957061211,0.5426612335982169,0.41526820010107457,0.41030483515962746,0.1687544080092016,0.1687544080092016,0.1646182705579957,0.14890094824341318,0.02812573466820027,0.12987471596786596,0.11415739365328344
0.16401988482835134,0.35597722256702624,0.5938961763839754,0.51909589923698,0.4361847486644068,0.0009012081583975347,0.0009012081583975347,0.0009012081583975347,0.0009012081583975347,0.0009012081583975347,0.12076189322526966,0.13878605639322036
0.22158243748456485,0.27413224848547857,0.3340109648782111,0.31935315409457343,0.3307363475754835,0.32091249566730085,0.317793812521846,0.326214257014574,0.2789662073609335,0.2747559851145695,0.24949465163638548,0.16388679929365071
0.3097895831302127,0.32048955228438125,0.416789274671898,0.2899182118438997,0.29450391290997197,0.13909959900419092,0.1462329117736366,0.15642335858713044,0.11922822771787792,0.590536392841968,0.1334948532567693,0.10394255749763716
0.27137573879354715,0.33326845114997017,0.4787427750646397,0.44012595453456377,0.47715578244011597,0.21159901660315567,0.22217896743331345,0.18409114444474542,0.1417713411241143,0.07088567056205715,0.08040762630919915,0.07088567056205715
0.20597816160979568,0.255186475059916,0.34576460955217286,0.39627933840362384,0.42719783623511537,0.3361842299424149,0.34837744035483414,0.3357487581419714,0.2695570444745529,0.07620756507761997,0.06880454447007973,0.05486944685588638
0.25680162329382145,0.33267483017608684,0.531112448175858,0.485880344072969,0.49317584473472525,0.14007361270572077,0.13569631230866702,0.1079734097939931,0.07587320688226543,0.013131901191161324,0.05982310542640159,0.04815030436759152
0.2185756117864864,0.3769927983106371,0.5394205465189436,0.49730964883530854,0.4752515595724521,0.12131949094571035,0.126332693050905,0.10427460378804856,0.04812674020986857,0.0010026404210389285,0.03709769557844035,0.0210554488418175
0.05844363774230755,0.3133228356740377,0.7126876935798059,0.3961179891423067,0.4529381925028835,0.0016234343817307653,0.0016234343817307653,0.0016234343817307653,0.0016234343817307653,0.0016234343817307653,0.12175757862980739,0.11364040672115357
0.14197819076165222,0.2989014542350573,0.6538469311391879,0.534286349445165,0.4184620359290802,0.0012454227259794054,0.0012454227259794054,0.0012454227259794054,0.0012454227259794054,0.01619049543773227,0.012454227259794054,0.03611725905340276
0.004020313701235756,0.19699537136055206,0.9407534060891669,0.2653407042815599,0.02010156850617878,0.004020313701235756,0.004020313701235756,0.004020313701235756,0.004020313701235756,0.004020313701235756,0.004020313701235756,0.004020313701235756
0.21640436443498945,0.3120046860729366,0.5223253936764203,0.5084198923472644,0.4519287931975683,0.1859860802774608,0.16947329744908812,0.17816423577981058,0.1095058229671031,0.041716503987467846,0.07908753880957446,0.07126569431192424
0.0027913475045027863,0.10327985766660308,0.6308445360176297,0.6224704935041213,0.4494069482249486,0.0027913475045027863,0.0027913475045027863,0.0027913475045027863,0.0027913475045027863,0.0027913475045027863,0.0027913475045027863,0.011165390018011145
0.22339390416871166,0.3055617769663987,0.5058459669107609,0.4921513214444797,0.5049900515691182,0.16519166093701665,0.16604757627865924,0.11726040180503255,0.07617646540618903,0.0008559153416425733,0.12325180919653056,0.11726040180503255
0.2986905652597538,0.3806099186010365,0.5822575575949631,0.44740569901777466,0.38565110957588467,0.13359156083347637,0.13233126308976434,0.11972828565264393,0.08948113980355493,0.046631016517345525,0.10208411724067534,0.08570024657241881
0.265507269594127,0.3677974387219696,0.4823847866520666,0.4041300124559028,0.3761818788144158,0.1917241967806012,0.1861345700523038,0.1783090926326874,0.16936568986741155,0.16657087650326285,0.2314105465515128,0.20849307696549343
0.28451772619037136,0.3069956390780092,0.3657217177934595,0.35721656156570464,0.36288666571754125,0.27013996209107144,0.26568488025748555,0.25798973890856447,0.24766204920343357,0.24685203432459976,0.23490431486180124,0.21019886105737043
0.2880174248780136,0.34713964580400886,0.4149403578751043,0.3992105926746102,0.3802263932947034,0.240014520731678,0.2416417378213843,0.23459046376599035,0.19743567355103003,0.1982492820958832,0.1993340934890207,0.17709545992970138
0.24071116413127533,0.3494194318034642,0.41105313713546415,0.346507603205102,0.40037643227480274,0.23731403076651944,0.22275488777470842,0.21741653534437771,0.21353409721322814,0.1645183158074644,0.28244737404113357,0.25478500235669266
0.18957874309534453,0.30345764085747856,0.4153617600457028,0.49435290300209633,0.5200250244629242,0.2428977645909102,0.24553080268945665,0.20932652883444292,0.13889275969832535,0.023039083362281453,0.034229495281103875,0.021064304788371613
0.1198247113563847,0.18639399544326507,0.5648879249658135,0.5610839658751346,0.5572800067844558,0.0057059386360183185,0.0019019795453394397,0.0019019795453394397,0.0019019795453394397,0.0019019795453394397,0.03994157045212823,0.05896136590552263
0.26534518379125327,0.2798495829052446,0.28880818235800393,0.27366388328310126,0.286995132468755,0.2718508333938523,0.2787830829703923,0.28646188250132887,0.286995132468755,0.3193100804947799,0.31376428083354785,0.3068320312570079
0.049988099488109436,0.34277553934703614,0.6617472217949726,0.5403475516095639,0.37848132469568574,0.0023803856899099734,0.0023803856899099734,0.0023803856899099734,0.0023803856899099734,0.0023803856899099734,0.06665079931747925,0.023803856899099734
0.1751511691812783,0.2371003104438678,0.36679239754756243,0.4430032116188056,0.44968837074786205,0.32980118370011685,0.328909829149576,0.328909829149576,0.22372999218575496,0.04545908207758368,0.03832824567325683,0.036545536572175116
0.0016681292377674888,0.27857758270717065,0.5021069005680141,0.6005265255962959,0.5421420022744339,0.031694455517582286,0.031694455517582286,0.0033362584755349776,0.0016681292377674888,0.0016681292377674888,0.07506581569953699,0.08340646188837444
0.06864619579255425,0.2394245365447624,0.5123350222566244,0.6345587367165381,0.5173579146316893,0.028463056792034692,0.0016742974583549817,0.0016742974583549817,0.0016742974583549817,0.0016742974583549817,0.033485949167099634,0.04688032883393949
0.14546452748617106,0.26460690237960643,0.5278284283069635,0.5596920867086963,0.5319845576637113,0.1122154926321891,0.09559097520519813,0.08866409294395189,0.013853764522492483,0.0013853764522492483,0.0374051642107297,0.0429466700197267
0.002583772315861318,0.21962064684821203,0.5735974541212125,0.4728303338026212,0.39531716432678166,0.002583772315861318,0.01291886157930659,0.005167544631722636,0.002583772315861318,0.002583772315861318,0.39531716432678166,0.2893824993764676
0.21063530562262117,0.31742799558815177,0.41773052207511424,0.4372010125108187,0.4537214286380831,0.2649166728979185,0.26255661345116643,0.25606644997259825,0.18585468143172457,0.13393337360317928,0.12980326957136318,0.09617242245514636
0.12548857789768275,0.34713074145722633,0.8067122864851034,0.37320629011129025,0.26401493012239746,0.0016297217908789968,0.0016297217908789968,0.0016297217908789968,0.0016297217908789968,0.0016297217908789968,0.027705270444942944,0.042372766562853915
0.1477058108361831,0.35080130073593485,0.5951675318987377,0.5180564100651421,0.4561502981705654,0.07928326611059827,0.08036933824909961,0.06516432831008077,0.01737715421602154,0.0010860721385013462,0.05756182334057135,0.05756182334057135
0.04609510272708422,0.285350635929569,0.5553362376167765,0.5114361397814582,0.5311911838073514,0.1163352592635935,0.0724351614282752,0.002195004891765915,0.002195004891765915,0.002195004891765915,0.1426753179647845,0.15365034242361406
0.24250915432710823,0.34093337177367516,0.5824278434466951,0.4769008474215099,0.4393575892202421,0.1278500144151282,0.12886469706921652,0.12176191849059828,0.08421866028933048,0.0060880959245299135,0.07508651640253561,0.06696905516982905
0.21012837576897284,0.3626660115123753,0.48251701102504874,0.43348705667895504,0.39457439449951565,0.17043746034594462,0.16732444737158947,0.2046806030638513,0.132303051410094,0.19611981738437465,0.23503247956381404,0.19378505765360826
0.21266475885747008,0.2773708967268941,0.3420770345963181,0.3004507930370071,0.3053964851034599,0.2617095385164603,0.27531019169920545,0.25305457740016785,0.27407376868259226,0.3593869568289029,0.31487572823082777,0.255939564438932
0.2643496907638326,0.31922523247139317,0.36379420035570637,0.3610086398629368,0.3732651060311229,0.26713525125660215,0.2688065875522639,0.2465221036101073,0.24345798706806077,0.22590895596361243,0.24819343990576903,0.22340195152011982
0.2534960242909787,0.312615238436578,0.35292379353585024,0.3372482443305777,0.3574025218802138,0.27723328451610574,0.27521785676114213,0.25663113413203326,0.25752687980090594,0.26626040007241497,0.25036091444992425,0.2315502554035972
0.27627863593924257,0.3528472864709755,0.5344018186596207,0.4909866044405968,0.4602012707216526,0.10182841153189226,0.10814335178193209,0.06946434275043813,0.04578331681278877,0.052887624594083575,0.12550943746954163,0.11366892450071694
0.2728845419777259,0.1856366240940333,0.14495979229673642,0.22372257488513295,0.2712004693236976,0.2798151486693035,0.2825355737258106,0.18576616814434316,0.26731414781440177,0.6170183116258763,0.2341508709350769,0.2164033360426257
0.001952894780517826,0.2480176371257639,0.5136113272761883,0.5682923811306875,0.5761039602527587,0.001952894780517826,0.001952894780517826,0.001952894780517826,0.001952894780517826,0.001952894780517826,0.09373894946485566,0.1035034233674448
0.18067248108837747,0.28481557062403606,0.49783552649242874,0.5144037452821926,0.5546408480573334,0.10414308953565862,0.11913338272639737,0.07337354035466857,0.04023710277514083,0.0007889627995125654,0.13491263871664866,0.12544508512249788
0.2671926239157865,0.3410084849975797,0.6352322693095158,0.40442774592700764,0.39091216572893284,0.0010396600152365234,0.0010396600152365234,0.0010396600152365234,0.0010396600152365234,0.28174786412909786,0.0665382409751375,0.09149008134081407
0.2515245392339469,0.37698229972351854,0.5328909729532774,0.4902596951170152,0.46224485539604293,0.136420089076039,0.14494634464329145,0.1108413223742817,0.05176655165831837,0.0006090182548037456,0.03349600401420601,0.028623857975776042
0.18077762122222762,0.41966233498017125,0.7026653967744919,0.45624828213228874,0.29591574902447976,0.0010760572691799262,0.0010760572691799262,0.0010760572691799262,0.0010760572691799262,0.0010760572691799262,0.019369030845238673,0.02905354626785801
0.2499575725313801,0.535094358974584,0.7332088794253816,0.2592152604029127,0.1740445319848128,0.0018515375743065191,0.0018515375743065191,0.0018515375743065191,0.0018515375743065191,0.0018515375743065191,0.09998302901255203,0.0666553526750347
0.24963430206481088,0.3096239405455019,0.45734036218075175,0.47991710784552793,0.4889478061114384,0.22770260627617117,0.2186719080102607,0.20190061123071268,0.13288027448411122,0.01161089777045632,0.05418418959546283,0.043863391577279434
0.22537549934402298,0.36941247260900006,0.7167957610715919,0.4338054724215781,0.32535410431618356,0.0016945526266467894,0.0016945526266467894,0.0016945526266467894,0.0016945526266467894,0.0016945526266467894,0.035585605159582576,0.05083657879940368
0.24661712954614293,0.2999239200181121,0.42293959033804085,0.46980270284087083,0.4545721912774511,0.2653623745472749,0.2712202636101287,0.24075924048328917,0.18042298313589553,0.041591012346261634,0.06209362406624976,0.05272100156568376
0.15103202673753094,0.4095291494229204,0.675287427239922,0.44873938713362554,0.3485354463173791,0.0014522310263224128,0.0014522310263224128,0.0014522310263224128,0.0014522310263224128,0.0014522310263224128,0.13070079236901716,0.11182178902682578
0.06318875976728253,0.1968293551371674,0.38203778893782303,0.5018785402206003,0.5171309994747719,0.3130385685022847,0.3072281078340288,0.2651022679891738,0.17068228213001602,0.000726307583531983,0.001452615167063966,0.004357845501191898
0.14097702886268856,0.4735947063355944,0.7092906764654019,0.40090342582827065,0.27754852557341814,0.002202766075979509,0.002202766075979509,0.002202766075979509,0.002202766075979509,0.002202766075979509,0.09031340911515987,0.06828574835536477
0.24166453193350174,0.3879695458608109,0.6413907306991857,0.39972619876568394,0.33963663947411055,0.13062947672081174,0.12932318195360362,0.13716095055685235,0.12017911858314681,0.09144063370456822,0.13324206625522797,0.10319728660944127
0.20430302674167494,0.2587192831534386,0.2935766716022552,0.3013227579242144,0.31836414783252476,0.2924147586539613,0.2769225860100428,0.32649753847058194,0.2507795446734304,0.27072571695247544,0.377428056037464,0.25600815294075285
0.3041473755260409,0.3878211076576591,0.5272773278770228,0.4289938964843284,0.3858288759402396,0.17930085456775335,0.17598046837205422,0.180629009046033,0.126838752675707,0.09164265900129616,0.11886982580602908,0.107580512740652
0.26248535042153165,0.33151938760520344,0.4188844968093982,0.43214527231360633,0.429025089842028,0.26638557851100464,0.2667756013199519,0.24103409592943026,0.1915011991931234,0.12480729886313541,0.11505672863945296,0.09555558819208805
0.29018264772090513,0.3681421650190588,0.5361882356395232,0.4166503091156877,0.4157840922568193,0.1663136369027277,0.17237715491480635,0.14639064914875513,0.14552443228988676,0.08922033646344248,0.15245416716083374,0.12213657710044067
0.26658822382500447,0.31320721712547217,0.40553998055552465,0.3729519464037414,0.37566761591639003,0.2507468183345543,0.2521046530908786,0.26704083541044593,0.22902146223336547,0.21272744515747388,0.22585318113527544,0.19914909759423086
0.25757356911949986,0.2977190755283995,0.3372222538347567,0.36259421388518126,0.3752801939103935,0.3102444735279762,0.3165071725277645,0.29514976311822994,0.267529654708907,0.2379825619919569,0.16443599425085278,0.1421150926875046
0.2642953853943722,0.30040703211162306,0.344369036810885,0.3155843908768445,0.3645182889647134,0.28235120875299763,0.2909866025332098,0.2669121713883759,0.2666504927889755,0.272669100575184,0.2470245978339479,0.21614652310470442
0.2958420239631761,0.33603344738674484,0.37953962738132957,0.3372764811008758,0.33189000167297483,0.27243155568037575,0.26559487025265527,0.25855101253924634,0.25565060053960736,0.22996123711423352,0.23762661168470797,0.21276593740208813
0.2003526143018274,0.25635179221227605,0.3982163762520793,0.47412637297513194,0.49777047031509913,0.28559580734328815,0.2824847419038188,0.2582184314759577,0.17733073004975408,0.037332785273632436,0.03422171983416306,0.0286218020431182
0.22921806602952666,0.26485280738705813,0.42761689629037747,0.5354842214807429,0.5210377047141762,0.20610363920301977,0.2022512347319353,0.20032503249639305,0.0991994151304254,0.007704808942168964,0.03659784247530258,0.03563474135753145
0.2302893399330546,0.3114485786759813,0.49912931826899937,0.5265205613447371,0.4940568658475664,0.14913010119012785,0.1450721392529815,0.15115908215870102,0.0831882197114999,0.019275319201445096,0.05478248615147554,0.053767995667188956
0.31699578531828615,0.386179822311303,0.44559210266688803,0.4018146329311938,0.38266198992182754,0.22631388372291944,0.2177147378819795,0.2075521109790505,0.17823684106675522,0.14462199823398997,0.16846508442932345,0.14540373876498452
0.18929638388126746,0.15246963283527543,0.18688715717732407,0.20168669264440497,0.2842887510653217,0.3366033880652356,0.38220660781845,0.2464294742890682,0.4088801891835377,0.40578261199275334,0.28463292630874215,0.2269835730358107
0.18530247413092052,0.24793993017517535,0.3418961142415576,0.3836544182710608,0.4297625456369706,0.3479858669125268,0.3549455842507773,0.3532056549162147,0.285348410868272,0.03479858669125268,0.025228975351158194,0.01739929334562634
0.18166275095357318,0.2225867772672902,0.32739221050973627,0.38827917648868115,0.42920320280239815,0.35633847302431665,0.36631994285693054,0.357336620007578,0.28646818419601927,0.06088696597894486,0.020961086648489214,0.014972204748920866
0.15858716863355352,0.2579320041568715,0.2971230860605658,0.3773280908867308,0.3909993985275544,0.34360553203936595,0.3727709883397896,0.37915093190550725,0.3354027474548718,0.09752199450454153,0.03463397935675307,0.028254035791035397
0.2156447395105036,0.22431387476720727,0.33267806547600304,0.3879438027374889,0.4432095399989747,0.33592899119726694,0.3510999778964983,0.35760182933902607,0.2644086253294617,0.08018950112450887,0.06285123061110155,0.03576018293390261
0.2734284380941394,0.28350452794015457,0.297244650457448,0.2981606586252676,0.3444190711001555,0.3128167893103806,0.3178548342333882,0.3219768709885762,0.2867105565275231,0.34167104659669684,0.16762949471097993,0.1392332415085735
0.25345170772991926,0.37241883584804464,0.47069602864127863,0.44138528693101586,0.48276515758079863,0.21552015963428509,0.21724432091135937,0.17414028898450234,0.13620874088886817,0.0017241612770742807,0.056897322143451265,0.043104031926857016
0.2505064046497773,0.2686298583623818,0.2887670291541645,0.3217919892526882,0.35521969276704757,0.3314578312327439,0.3387072127177857,0.34192916004447094,0.3165563248468247,0.22996649044215892,0.18083179371020902,0.1570699321759054
0.24855256045417823,0.3158688789105181,0.32999118348177825,0.3398767966816604,0.3728288406812673,0.3041002917678014,0.3036295482820927,0.3083369831391794,0.26408709548256437,0.20477341628327184,0.21701274691169728,0.19112185519772038
0.2596825240185345,0.29421328126640445,0.31498788318788723,0.32846330065047064,0.3500801161633649,0.3017932035891076,0.29702065990444265,0.30993460163941844,0.2681046599326491,0.24087308714367847,0.25126038810441986,0.21897553376698042
0.29349914223473667,0.29127695886312827,0.3032425616333272,0.32409689788995966,0.3393103071263554,0.29367007941716805,0.29486663969418797,0.27315761752539847,0.28443947156587174,0.2664910674105733,0.254354527457943,0.22905582445809383
0.37169452917435575,0.32538115333473955,0.2743176876654191,0.25027035790254143,0.3283499594783047,0.2799584193381929,0.25056723851689794,0.25294228343175007,0.2452233874584807,0.3681319618020776,0.25205164158868054,0.21434780356540323
0.2159383867718723,0.32891036502404813,0.32090590923806467,0.3245442982316935,0.33236683456799554,0.3067161921629121,0.28834232774508645,0.3238166204329677,0.2756079662673855,0.21739374236932385,0.26578431598458757,0.22467052035658155
0.3365831110264091,0.25881550637829814,0.2655779067824817,0.26711481596525066,0.2661926704555893,0.2468276147527,0.2471349965892538,0.254512160666545,0.2293068500691335,0.5207048311221343,0.2314585229250101,0.20717535783726002
0.25982339892820516,0.3130976124541487,0.3074428076664787,0.30535945853417923,0.32351435811564605,0.2858652630819485,0.28616288438656273,0.286609316343484,0.2797640263373572,0.29375222765422504,0.2736627895927659,0.23839466499598205
0.2581880049356789,0.2824147614309839,0.27184308586939626,0.2688226071375141,0.2919796107486108,0.2951259427609881,0.29625862228544386,0.28568694672385625,0.2942449697975224,0.35207455218501665,0.290846931224155,0.26561334848488927
0.4401745409237185,0.3928139890521792,0.3663477983004366,0.370526670524396,0.3844562446042605,0.2047647389740083,0.22008727046185925,0.20058586675004894,0.16297601673441475,0.20615769638199474,0.1504394000625367,0.10168589078301092
0.23631898206224344,0.30339642238558767,0.2899809343209188,0.28305205586993604,0.2975732160278468,0.30405982564153283,0.304723228897478,0.29853146517532314,0.29447733416676936,0.35742693200867703,0.25703190594230907,0.2106673894990305
0.25560110115523094,0.2824541351287377,0.2834486919425713,0.2642205935417887,0.2778128699975143,0.2456555330168951,0.2585847715967317,0.26687274504534486,0.2360414838165038,0.5619245998159746,0.1859821241868801,0.15183567357859373
0.29858726542998076,0.3395393382927732,0.34524152565341526,0.3426496223076689,0.36701351375768465,0.28562774870124896,0.2845909873629504,0.26541090260442735,0.2540065278831433,0.2358632044629188,0.20320522230651467,0.17262076282670763
0.2981368565596353,0.27458680436784466,0.2686898410581828,0.2564423018765774,0.27855591428780935,0.2749648148364127,0.28116418652092906,0.2665729824342016,0.28347005037919426,0.5058158079909318,0.18624575786348713,0.15347225023863564
0.2828147892565674,0.34845375180608584,0.3897819874854123,0.3192808795618554,0.41166164166858515,0.2763319287578495,0.28929764975528527,0.27146978338381106,0.23338297795384355,0.20583082083429258,0.16693365784198533,0.12965720997435753
0.32894066409393186,0.355306137170163,0.41557007563012,0.3427511499910053,0.45197953844967736,0.25109974358315407,0.2686767256339749,0.24984424486523832,0.20339079230235482,0.012554987179157704,0.13936035768865052,0.11173938589450357
0.2697376217905826,0.34190119333455665,0.36852464691388687,0.346104896531293,0.39724995209158526,0.2837499657797038,0.2928579893726325,0.26903700459112656,0.23330552741886754,0.20317898784225702,0.18706479225476766,0.16604627627108592
0.3867217749402091,0.3633055940722698,0.368982243979649,0.33066485710483934,0.37678763760229544,0.2589971520241767,0.27886542670000397,0.24622468973257347,0.22635641505674622,0.19300609685089334,0.15539829121450602,0.11353299814758432
0.3698518495912182,0.37909814583099866,0.44074012076286834,0.3698518495912182,0.4330348738963846,0.20650061602176348,0.25581419596725924,0.18030277667571887,0.1710564804359384,0.0724293205449469,0.13253024610351985,0.0909219130245078
0.49963178844059236,0.40176576802439384,0.4000488202977939,0.29703195670179544,0.33480480668699486,0.2025998317387969,0.25239131581019614,0.21290151809839675,0.18714730219939713,0.10988465450239832,0.1442236090343978,0.10301686359599843
0.3487804961556869,0.28889449681575974,0.3022024966690769,0.27059599701744863,0.34268099622291653,0.3060839966262944,0.3160649965162822,0.191302497891434,0.2905579967974244,0.34268099622291653,0.2217999975552858,0.17799449803811684
0.312853293827215,0.2586795632943639,0.4184920683662746,0.410366008786347,0.4184920683662746,0.24242744413450862,0.2613882498210065,0.25190784697775753,0.22617532497465329,0.11647352064562984,0.19231674339162136,0.15574947528194688
0.2518056092210815,0.2789611160978648,0.5282980428756023,0.4418941573585646,0.4937364886687872,0.19502591302417097,0.21477537257092244,0.1703390885907316,0.1505896290439801,0.004937364886687872,0.054311013753566596,0.041967601536846914
0.2322054402985903,0.35901266656094105,0.45123610384265067,0.46111718640854815,0.43970817418243696,0.25855499380765024,0.23714598158153904,0.20585588678953043,0.14986308558277814,0.06258018958401725,0.0988108256589746,0.07740181343286344
0.22816687893340915,0.3466511632460103,0.3967530891839103,0.34394295103315087,0.3872743464389022,0.26879006212630097,0.24847847052985506,0.3087361922659779,0.19160601405980648,0.2931639720420361,0.18822074879373216,0.12119249652546064
0.23275470121105948,0.10865208750323548,0.13257548291679191,0.16596855568154775,0.23549592360219615,0.26614777397581535,0.291566381602719,0.11986617910334005,0.3319371113630955,0.6078037647256681,0.3105057363051179,0.2953044121360872
0.21677722317760872,0.3217997288164502,0.4429795430151135,0.4039327139955442,0.47394771775477185,0.25986337933713344,0.28006001503691064,0.2275487622174899,0.1938877027178612,0.004039327139955442,0.14003000751845532,0.1023296208788712
0.15263696298139703,0.25185098891930513,0.4441735622758654,0.38922425560256246,0.5464403274734014,0.2762729029963287,0.29153659929446835,0.25185098891930513,0.19384894298637426,0.004579108889441912,0.044264719264605144,0.03968561037516323
0.07850032503204472,0.3646466711165948,0.5013891727853179,0.4076952364567484,0.5646958865208378,0.19751694685482218,0.20511375250308458,0.1671297242617726,0.10635527907567349,0.005064537098841595,0.05064537098841595,0.03798402824131196
0.19988759530265357,0.23299781047548573,0.35930714983851225,0.4010014948709676,0.46109040388832967,0.31516019627473596,0.3274232389313405,0.33355476025964276,0.2501660701947321,0.08829390712755249,0.09442542845585475,0.07848347300226888
0.12244329842809074,0.3376466714229169,0.463800372833677,0.44895876090299935,0.521311619065053,0.24488659685618147,0.2504522013301856,0.1892305521161402,0.14285051483277253,0.001855201491334708,0.042669634300698284,0.042669634300698284
0.2306168282875932,0.330842707248024,0.4077149833438884,0.4057688497718412,0.46804512407735155,0.28218936794684396,0.28316243473286756,0.228670694715546,0.2023978914929088,0.0544917400173216,0.1323370828992096,0.11774108110885559
0.3410710427636951,0.27075240791248933,0.27280550674026177,0.2597170017132125,0.28409755029301015,0.2889736600089696,0.2907701214832705,0.278964803223579,0.29538959384575847,0.3899604586000261,0.24560194727227705,0.20556652013071464
0.2762787721216779,0.3023252556887047,0.3832554010576811,0.4120925792926037,0.44558091530735255,0.3023252556887047,0.2930229401290523,0.2744183090097474,0.21209279476007595,0.07627898758915012,0.09302315559652453,0.07069759825335865
0.3478424912472835,0.25511926044703315,0.2405171768564425,0.22779250401321355,0.2635154585116227,0.27285036194989315,0.27790894090806206,0.234467742226055,0.2822374156867014,0.5145669956727056,0.2186140514705566,0.18935773399083755
0.2450618582732185,0.30506765908404393,0.3330092915226726,0.3485833161605968,0.3701121149247861,0.30048706360230154,0.2940742299278622,0.29361617037968796,0.27071319297097596,0.2143718685455444,0.22765559544259736,0.20841709441927928
0.28925003103690344,0.3180695967052219,0.32369292659172305,0.31736668046940925,0.3433745811944771,0.2997937745740931,0.3026054395173437,0.2794092037355264,0.2836267011504023,0.22598756981376542,0.23688277146886141,0.21122632886169987
0.24917594040353033,0.34870242285537356,0.34918206855393663,0.33047588630997576,0.3192042123937429,0.2662033627025204,0.2645246027575495,0.36980683359214994,0.2311892267074141,0.216320210051958,0.2587688543747923,0.19617509071230782
0.26013520793386796,0.2996783739640162,0.3127504949657181,0.31340410101580324,0.33579010823121774,0.29837116186384605,0.2887304726250909,0.29641034371359076,0.27761916977364426,0.2616058215465594,0.27059290473522946,0.23399096593046412
0.3052151669873176,0.2622260731643766,0.2574906136038461,0.2466878464813859,0.27487862917766903,0.25852649538271216,0.24772372826025194,0.2453559984799867,0.24017658958565646,0.5837193823910178,0.17151242595796418,0.138327213256434
0.24359352047925314,0.30965710352022335,0.3290425564588864,0.3219005474814843,0.3321034174492017,0.29103686582913907,0.283384713353351,0.3050658120347505,0.27216155638886186,0.26629490615742435,0.25507174919293524,0.23339065051153574
0.28110599790575497,0.15967204661920514,0.16063199880328854,0.17343136125773384,0.2367882054072381,0.2671866912365457,0.29934508940333954,0.14175293918298174,0.32478382228154956,0.6438079314585987,0.2206290103085009,0.18383084325197066
0.21382707713423035,0.27227980616391484,0.2907648572245843,0.28327091760539397,0.31849243381558845,0.30475354451373954,0.30999930224717276,0.3027551606152888,0.3137462720567679,0.34597021241928627,0.26328707862088646,0.2140768751215367
0.23234703897094486,0.3011498991392568,0.3138993109276341,0.3099425969243446,0.32181273893421314,0.28752121757237076,0.2936761060219322,0.2980724549144761,0.28334468612445407,0.31258040625987094,0.2633412986633793,0.22817050752302817
0.28994173078740565,0.3287404434063352,0.332410591897315,0.32035153256980986,0.34289673044297164,0.29675772084208246,0.2891552703964814,0.2867958892237087,0.2739503695052793,0.21549014711324363,0.2432784142592337,0.20631477588579408
0.4325391233245326,0.360772542324498,0.3801689155677506,0.31131179055420394,0.34137616908124546,0.266700132094723,0.2831870493514877,0.22499792962172996,0.23275647891903098,0.22402811095956732,0.11152914614870235,0.07758549297301033
0.24730916182535187,0.26696287004988317,0.28088424670892614,0.2800653421995707,0.33001851727025433,0.3218294721766996,0.3365697533450981,0.29971905042410196,0.31773494962992227,0.3676881247006059,0.18916694166111353,0.15067842972140644
0.15473708725420424,0.08389360152336375,0.22930917749719426,0.25168080457009123,0.4287895188971925,0.2647309203626145,0.313202779020558,0.208801852680372,0.268459524874764,0.492175795603734,0.26659522261868923,0.268459524874764
0.39254807621581855,0.33677046753099715,0.3167747210213442,0.26836396631376336,0.3136174978882411,0.29256934366755377,0.3136174978882411,0.2830976742682445,0.28520248969031325,0.31887953644341294,0.09682150941516168,0.07261613206137127
0.13713664689645494,0.27880673666551997,0.47374478018775346,0.4068764978167547,0.533812898249837,0.2357390293757242,0.23800575081202924,0.22553878291235152,0.16660402556842047,0.0736684466799138,0.13827000761460745,0.11446943253340454
0.2175238556144621,0.2184655173270788,0.3832563170350046,0.34276486339248574,0.509438986525645,0.28909014577333275,0.281556852072399,0.22505714931539586,0.22599881102801256,0.23541542815417976,0.1723240934088596,0.17703240197194317
0.18111564607804673,0.22932628568155555,0.5029542401879571,0.41565389279781945,0.5759216947229975,0.23193226620066415,0.2084784415286869,0.17460069478027526,0.1498438798487437,0.001302990259554293,0.06384652271816035,0.05342260064172601
0.21074909004458503,0.2329332047861203,0.4794233685809566,0.3660378932353319,0.5459757128055623,0.25634977034662976,0.251419967070733,0.22923585232919774,0.17500801629433377,0.039438426207173805,0.12447753271639232,0.10106096715588288
0.17267278923873652,0.21449198038249304,0.47350116424059785,0.37232570179602564,0.5976097315059398,0.26305620235588767,0.2495661406966114,0.22393502354398645,0.13220260426090766,0.001349006165927629,0.053960246637105164,0.04586620964153939
0.18999615220748306,0.2884910900082948,0.36717047819237525,0.3695017193237554,0.4388561429823152,0.32054565556477205,0.32928780980744765,0.31355193217063154,0.2628474375631131,0.10374023034641713,0.1264698313773737,0.10665428176064233
0.25780696141566606,0.3233152876770238,0.3937543481731074,0.3528996930853789,0.4409485187054834,0.29936600710835537,0.3057055225530029,0.30007039771331623,0.22963133721723258,0.0894576068300262,0.10777176255900793,0.09720590348459539
0.23651455729251747,0.3247586003604416,0.39607210028161277,0.3699067154184493,0.4078721758081375,0.2755061112062514,0.2837148593986164,0.276532204730297,0.23292322995835776,0.15391402860684433,0.19393167604462389,0.1734098055637113
0.20561236190430124,0.26569585679263596,0.3109849232913807,0.33876221741061086,0.3798243043694728,0.31913695526115476,0.3227600805810544,0.2946808593518326,0.28592497316207527,0.23912627111337237,0.23157809336358157,0.21436824809405855
0.24089389087214066,0.28680008517041655,0.31043495748240013,0.3140710916842438,0.3602045443701349,0.3058897897300956,0.309298665544324,0.3090714071567088,0.2786187832162684,0.24793890088821272,0.24612083378729088,0.22475854535145953
0.34051810800926857,0.3074121808417008,0.3032082535823271,0.30005530813779685,0.3455102716297748,0.29900432632295343,0.301631780860062,0.2632709446182771,0.2803493991094827,0.22648658109875736,0.24960818102531263,0.21518852658919058
0.2479194987143221,0.3182704615145663,0.32943191234345115,0.3348435248665469,0.3441447338906176,0.2935799793779421,0.29205796335582146,0.294932882508716,0.27683780313461476,0.22492014549116532,0.25366933702011124,0.21933942007672289
0.25683150008778394,0.2928092830404416,0.29993359649641343,0.31453843908115564,0.336445702958269,0.29744008678682327,0.2888909106396571,0.29067198900365004,0.2733955288729184,0.29619333193202824,0.26395581354375575,0.24008936346625018
0.24225310513546758,0.28476866775641535,0.3241454975664207,0.3401245009675823,0.3837814209743273,0.29903563507888103,0.2984649563859824,0.2810592562525743,0.2773498447487332,0.22170867219111698,0.24510649859996073,0.2202819754588704
0.2616816110892167,0.2924532022332921,0.3239633115648252,0.3347949116475398,0.37270551193704055,0.30230011139939617,0.30796208416990606,0.2762058021092203,0.2798983930465093,0.1981690469678452,0.24838828371497618,0.21958607440412165
0.23381980753450501,0.3189399454928315,0.33283711087378276,0.3571571502904475,0.37140174480592253,0.27168958319759723,0.29184047299997656,0.3112965045333083,0.2525809807987892,0.24632725637736116,0.22548150830593428,0.19004373658450854
0.2727198194049966,0.34525168626802766,0.3839353485949775,0.4206848278055799,0.4758090466214835,0.27948946031221283,0.2833578265449078,0.2166285090309193,0.1837473960530119,0.0038683662326949877,0.0928407895846797,0.08897242335198471
0.28548792167680903,0.3040842398559981,0.3209586767222992,0.3436875100524191,0.3877676716623486,0.30270673480568777,0.3085611312695065,0.2679247322853528,0.27067974238597337,0.2059370050213894,0.21213577774778575,0.18768506310477798
0.4565736019697332,0.4110584765397286,0.3911456091641016,0.3363852238811274,0.381900349311132,0.23753206083783626,0.25388905903924414,0.18348284938970585,0.18277167555486204,0.10952077056594846,0.07965146950250797,0.06542799280563155
0.2656361058126826,0.296286425714146,0.343068492932169,0.3495211918587929,0.392539184702952,0.29252235134028204,0.30757864883573777,0.28391875277145023,0.27423970438151446,0.18443964431933227,0.21885403859465954,0.1726096962871885
0.24867122028155833,0.28095485238828694,0.27322672423918587,0.26076200141805517,0.3070061230844502,0.3071930939267672,0.3096860384909933,0.2846942692346262,0.29585019615953817,0.37836666123542373,0.2689263948658958,0.2190675035813728
0.1598536278777725,0.17477712635110135,0.185108779140329,0.17362916493007605,0.21696470857378097,0.19544043192955668,0.19831033548211993,0.2003192679689142,0.18080392381148416,0.8084518307570648,0.1262757563127826,0.11192623854996638
0.31610069727910384,0.32987748311693404,0.32069295922504726,0.31686607427009444,0.35666567780160385,0.26635119286471703,0.2632896849007548,0.21966319641429252,0.23114385127915102,0.37733085655834914,0.2181324424323114,0.16991369199990572
0.23578193478199314,0.2758976111858739,0.37086533491751,0.37987089492654447,0.4494593131781744,0.30537035303362303,0.3045516657600745,0.29800216757168574,0.2259576874994101,0.18256726200133494,0.12280309103228808,0.10069853464647623
0.10427488708411108,0.43572006388717843,0.4478233989951556,0.354720821241485,0.40499621322846713,0.17968797506458425,0.20761874839068545,0.40685826478354054,0.14896412440587298,0.13406771196528566,0.12196437685730849,0.11358514485947814
0.20449227735957873,0.2919695293411763,0.3510450761339435,0.4180731003795832,0.464651896889265,0.2965138021713892,0.2772006426429845,0.30333021141670846,0.2181250958502173,0.04544272830212861,0.17154629934053547,0.15223313981213082
0.2420273557856361,0.3151579237208643,0.42137136762679095,0.43530099961445345,0.5415144435203801,0.24376855978409392,0.2559569877732986,0.17412039984578137,0.12362548389050478,0.0017412039984578138,0.06964815993831255,0.08009538392905943
0.1516433155235657,0.2156995436326581,0.37387920896327403,0.4392427070337765,0.5699697031747814,0.2784485017803404,0.29544301127867106,0.26668307212765,0.18693960448163702,0.002614539922820098,0.030067209112431128,0.03268174903525123
0.2131145300956279,0.269945071454462,0.38797773427665594,0.44152959055709573,0.5114748722295069,0.28415270679417054,0.28961718192482766,0.25901612119314776,0.19234952459913082,0.013114740313577102,0.06338791151562266,0.04153001099299416
0.29636044239555487,0.3259964866351104,0.4902295651293137,0.42972264147355455,0.4358968173567953,0.203747804146944,0.21856582626672172,0.23338384838649948,0.1716420895540922,0.004939340706592581,0.09631714377855534,0.09137780307196275
0.17928567851288732,0.3199908945609761,0.44594475731370076,0.46296554957758246,0.5038154510108985,0.2507730060211905,0.2541771644739669,0.21900086046194464,0.1407052160480888,0.005673597421293903,0.03177214555924586,0.045388779370351226
0.1986074183942238,0.3818297550818528,0.5133022714836629,0.4587551636148268,0.47833617669594747,0.1776277615215945,0.18601962427064622,0.1692358987725428,0.1146887909037067,0.0013986437915086184,0.04755388891129302,0.04195931374525855
0.13409367699850833,0.31694869108738327,0.5058988723125541,0.508946455880702,0.5196129983692197,0.16609330446406143,0.18742638944109685,0.14323642770295206,0.08533233990814165,0.0015237917840739581,0.05790408779481041,0.05180892065851458
0.21286113908436682,0.32504471238558713,0.4429812894458444,0.43818711964664697,0.46024030072295524,0.25121449747794644,0.23970848995987254,0.22724364848195916,0.17930195048998465,0.15053693169479995,0.11122473934138086,0.097801063903628
0.31073060800459595,0.33283792398911266,0.4765354778884713,0.40652897727083503,0.4298644774767138,0.21984497562380503,0.21738860718108097,0.20510676496746058,0.18054308054021978,0.10071110615168723,0.1400130012352725,0.12404660635756598
0.3216157110018728,0.3519250450229917,0.40580830550498087,0.35697660069317816,0.344347711517712,0.1944848933021796,0.1818560041267134,0.19785259708230393,0.1734367446764026,0.4159114168453538,0.15912400361087423,0.15323052199565668
0.22049289620463475,0.27459531981040164,0.31236493628989925,0.34656175121052546,0.378716965240368,0.33176014475234394,0.3368641469793031,0.3521761536601805,0.30981293517641967,0.17149447482582703,0.15260966658607822,0.13627685945980897
0.2643435573915507,0.3656870659893838,0.41671316822046056,0.37844359154715296,0.3869479419189991,0.24450007319057637,0.23670441868305073,0.2622174697985891,0.21048267170319182,0.20056092960270466,0.189930491637897,0.15662178601483298
0.2660483945317618,0.3053014363479234,0.36442330179942606,0.35666961452709783,0.3629694854358645,0.2757405036221721,0.2665329999862823,0.29464011634847215,0.2563562854413516,0.23600285635149001,0.2248569308975182,0.1957806036262874
0.2634237078575481,0.320941287480191,0.3454458184436839,0.33625661933237405,0.36076115029586686,0.2882685795288672,0.28997028306799866,0.31379413261583894,0.26478507068885326,0.217477712300999,0.22122146008708818,0.1817419379792386
0.3162817291117822,0.287391129839512,0.2677700486858104,0.26748150337472654,0.2928734907501051,0.2830268820093688,0.27949220194859165,0.25550687296474683,0.2745869316601663,0.4801033294796366,0.1913055412485908,0.14950253930531843
0.2726502145869319,0.29754309132150675,0.325657399162909,0.32682882865630075,0.3435216989371333,0.27528593094706333,0.27675021781380305,0.28436450952084946,0.272064499840236,0.3042788109085094,0.24219304775874617,0.21847160051756304
0.25782162573153383,0.28351907145066807,0.3241831613798476,0.32531271943343587,0.35270450223295263,0.2877549141516243,0.28662535609803597,0.2790008392363148,0.26996437480760826,0.26996437480760826,0.26685809016024037,0.24087825492770903
0.24769312039737795,0.2990069247350206,0.3250798847768499,0.3256346286075271,0.34199957161250505,0.2895762796135079,0.28430621322207433,0.29068576727486234,0.2671091544710806,0.2870799323754604,0.25712376551889066,0.22689022674698225
0.21933344609882202,0.36049458789922906,0.31900313407930114,0.282021620891974,0.2572169474126693,0.240079173008786,0.23075862903474423,0.37041645729095096,0.22053609693418227,0.4126595678829791,0.25811893553918946,0.20204534034051871
0.3302352179845354,0.3066469881284972,0.49220772966266474,0.43559597800817296,0.4607567565212804,0.1729803522776138,0.19499603347658284,0.18870583884830597,0.1541097683927832,0.0959254680812222,0.09749801673829142,0.07548233553932239
0.2917169784522967,0.2721750016875343,0.26322807256631775,0.24345065029836543,0.27099777417158477,0.24580510533026453,0.25122035190363246,0.29571955200652517,0.25192668841320215,0.49702545723389696,0.2641698545790774,0.21802253595385532
0.27595011997377633,0.30108173594974696,0.3339270162351739,0.3339270162351739,0.3583121485682939,0.281673161235631,0.29038213706888816,0.2717200459976229,0.26848528354527024,0.2488278809502041,0.24633960214070205,0.22270095345043267
0.485152716136256,0.37904958645827924,0.3406064235314761,0.3044698503802811,0.30985189319003353,0.22373920823399446,0.2098996695803453,0.17991400249743883,0.1745319596876864,0.3213848420680745,0.19221581463401585,0.1368576600194193
0.23895253215838605,0.13593932268115538,0.16230138759362242,0.17871150832226657,0.20888495611364452,0.2111611986663274,0.214125607572147,0.16431295077971428,0.21179642914614588,0.7583063852833142,0.20443834275491513,0.20830266150714424
0.26675901069191216,0.3265565181832578,0.33742879227259337,0.3257799271768767,0.35257231689702506,0.29180407064770303,0.29005674088334554,0.30520026550777724,0.2628760556600066,0.21705718628352094,0.2432671327488835,0.20016633189473176
0.266148600250625,0.3108664994816106,0.34047283276557355,0.32998725639417,0.37778914867556845,0.2908205446539274,0.2945213363144228,0.26337300650525347,0.25720502040442783,0.22173910032468058,0.24394385028765278,0.22235589893476315
0.25515767157971214,0.34354562317268433,0.38690575036923675,0.35799899890486847,0.41692429996684993,0.27294644171163107,0.2735023407782536,0.2779495333112333,0.22180372758236416,0.14175426198872898,0.1979000677175981,0.17344050878620956
0.17791484444888506,0.1966427228119256,0.21953235192230847,0.20444600546319247,0.2679127043601632,0.19092031553432987,0.20548644315002806,0.1825968140396452,0.18519790825673416,0.7668025751978262,0.13837821234913283,0.12017055282951009
0.19798177049133525,0.3652006948969653,0.3264073869816585,0.2913204460646293,0.27482711292229345,0.25963100822935475,0.24882077115104473,0.3548228673017877,0.23899889860560874,0.3700189719947264,0.2525271381493224,0.21787260671542572
0.35209905732895147,0.2131849761171386,0.2571973582832575,0.25032042356980144,0.3067112882201413,0.3012097404493765,0.31633899681897987,0.2324403933148156,0.2654496799394048,0.45800385191617515,0.23037731290077879,0.17192336783640208
0.42241473652954903,0.4171013436172276,0.38256428968713874,0.3015350477742378,0.32278861942352327,0.24441607396678308,0.23777433282638136,0.20589397535245313,0.18729710015932832,0.25238616333526515,0.143461608632677,0.16737187673812318
0.21931342233022455,0.2894937174758964,0.44447520258925505,0.41815759190962815,0.5190417661815314,0.2427068540454485,0.22954804870563503,0.22369969077682902,0.1944579011327991,0.08333910048548533,0.10234626375410479,0.0964979058252988
0.3901654453485849,0.3472346196467988,0.40152948744611644,0.3939534593810954,0.4671883973429657,0.2474835834573548,0.2260181706064618,0.21086611447641965,0.17172330280714415,0.01641472747421231,0.0618708958643387,0.045456168390126395
0.23181839524729608,0.3154924905732432,0.421113889591242,0.421113889591242,0.5116465173209553,0.27022617670838656,0.2619959378238672,0.2277032758050364,0.16323307120963454,0.004115119442259694,0.07407214996067449,0.06721361755690834
0.31222960787866305,0.27220017097114213,0.4509983224914022,0.42297771665613754,0.4963650176532592,0.22683347580928512,0.2388423068815414,0.20148149910118854,0.17346089326592393,0.07472161556070568,0.09873927770521823,0.07071867186995359
0.22459312104636822,0.3222423041100066,0.42477394632682686,0.41989148717364494,0.5517178843095567,0.21808317550879233,0.23924049850591397,0.21320071635561041,0.15949366567060932,0.04068715960984932,0.0716094009133348,0.04231464599424329
0.22073453833627762,0.27512983528343177,0.3815554162669942,0.38392042917774,0.45329414122628436,0.3074516783969581,0.32794845695675534,0.3090283536707887,0.24753801799139705,0.08041043896535828,0.08356378951301938,0.06858537441162911
0.1295676229280364,0.27455996287131523,0.5151855483090971,0.45965656705422436,0.590766661683785,0.1619595286600455,0.16350200036156975,0.1511622267493758,0.07249616997163941,0.0,0.0107973019106697,0.020052132119815158
0.2558859921512409,0.3727035103072422,0.5131626690424342,0.4102519982859569,0.4811769200235291,0.20164928729309745,0.21277476521271663,0.147412582434954,0.13489641977538244,0.0,0.06397149803781023,0.04589259641842908
0.10926760719316522,0.22308803135271235,0.4803221899532888,0.5281267681002986,0.5736549377641175,0.19121831258803915,0.1661778192729388,0.118373241125929,0.08195070539487392,0.0,0.0865035223612558,0.08422711387806486
0.22097444512158518,0.2690832726572809,0.3595931007329117,0.4158559668339795,0.4484721210954681,0.33594638889333245,0.3269769464714231,0.3049610423449183,0.2438057531046272,0.04240100053993517,0.031800750404951374,0.018754288700355937
0.2022711800622414,0.2967069360534456,0.3560483232641347,0.37008607077634076,0.4377224906078789,0.3324393842663337,0.33371554313107965,0.2960688566210726,0.2552317729492005,0.14356787228392529,0.11102582123290222,0.08996919996459318
0.1874481040563837,0.2292634503458847,0.35470948921438766,0.3842686133155866,0.4484335412425795,0.34245326702608564,0.3511047179825341,0.3460580382579392,0.2717997508817564,0.04902488875320805,0.025954352869345436,0.0216286273911212
0.2028803687566898,0.2606170744898189,0.3712790938116497,0.4033550414411659,0.4867525052779079,0.32236327367663753,0.3207594762951617,0.3095328946248311,0.2205221399529237,0.028868352866564556,0.028066454175826653,0.02405696072213713
0.1984495842907752,0.2361611875360627,0.33136753015531306,0.3863893775131916,0.44635700890323887,0.35486000430811515,0.3567146733201784,0.342495544227693,0.26954522975320244,0.055021847357878476,0.00865512205629549,0.016692021108569877
0.2730013664211986,0.2866818357852899,0.30705053461627013,0.3271152230169373,0.3450518384054125,0.32103501441067456,0.3280272543078767,0.3386676193688366,0.3146507953740986,0.25840886576616795,0.13346057890746793,0.11826005739181099
0.18920336458520354,0.22635062202994244,0.29816865308977103,0.358594858533213,0.4041621609987594,0.358594858533213,0.3823691032978459,0.37097727768145927,0.3323441299389308,0.09262049522888235,0.019316573871264234,0.017335386807544827
0.22976700748427395,0.2909713195215696,0.3401354390269383,0.384282811644004,0.4334469311493727,0.339633764338108,0.3451521859152412,0.3090316083194602,0.2598674888140915,0.10183996183254937,0.04515072199472633,0.03712392697344164
0.2782680912908659,0.30210654392204384,0.36124424371861996,0.3768309242851594,0.3947097637585429,0.2920210447319301,0.287436726918242,0.28697829513687323,0.2333417767167228,0.18016369007794117,0.19254134817489896,0.1696197591064586
0.2403779721492506,0.31441073163247985,0.3756477055260152,0.44054061815946305,0.47253008213369796,0.27419540549344174,0.29613103793291706,0.25134578836898824,0.19285076853038735,0.12155996310209251,0.06854885137336043,0.0466132189338851
0.21310526891021492,0.32945243522331275,0.3555711868446204,0.35260314688765365,0.35230634289195695,0.27543410800651735,0.26831081210979707,0.3276716112491327,0.2448632964497595,0.22586784072517208,0.24634731642824287,0.2104340329489448
0.26810805204185423,0.31415822325663006,0.33054417375023126,0.33845463260921116,0.3514503864489638,0.28421148614763475,0.27093321592006137,0.2892967811284075,0.25454726542646017,0.24155151158670746,0.26528288816364715,0.22516556109310626
0.29469728982168464,0.26304846116125724,0.24125746437866785,0.21012746897496878,0.2511152962565059,0.26538321081653465,0.27472220943764436,0.28743362422748814,0.277316375721286,0.49107567749335296,0.277316375721286,0.2346423403553818
0.39585843582522784,0.3290952584032558,0.328420882873741,0.30886399251780977,0.33246713605083017,0.27042458733546226,0.26435520756982844,0.2144514183857282,0.24884457039098648,0.26907583627643256,0.23738018638923372,0.2036614099134903
0.254502565794326,0.2933088503822354,0.3142594825523951,0.32568710009975493,0.3404477727650947,0.28592851404956554,0.28473813722171554,0.27426282113663575,0.27259629357764575,0.2894996445331155,0.2692632384596658,0.24450340044038618
0.18824969149794507,0.2314642433198004,0.34098057327929676,0.47772799068818134,0.5274543242914121,0.3030938429149304,0.29362216032383887,0.2575113704453022,0.2042331558704121,0.027823067611331503,0.029599008097161175,0.023087226315785716
0.2103415210616661,0.2513624816006632,0.3953722366843765,0.5271629822458354,0.5227990502736016,0.24263461765619573,0.2644542775173644,0.19463136596162464,0.12829959998367185,0.027929164622295912,0.026183591833402416,0.020074087072275187
0.18349164001657756,0.3038915986520969,0.37118939212522567,0.48054830651905983,0.4421675336789161,0.2828610381917442,0.271819993950059,0.2970566665024823,0.22713005297180947,0.06782355748463754,0.08780258992197264,0.06098862533502291
0.2657689078773276,0.30518917650984984,0.4984756549660881,0.5150067353603717,0.4552405216271927,0.16912566864920847,0.1983729647314024,0.1767553980619547,0.08901350981537287,0.06358107843955205,0.05849459216438789,0.02416080980702978
0.28501498861384655,0.3085618379313416,0.36056113017414326,0.36791952058586047,0.3639950456996113,0.27029820779041214,0.2688265297080687,0.28501498861384655,0.24871359591604167,0.2987506507157187,0.16580906394402778,0.143243333348095
0.31726003960187404,0.38040402806632473,0.49745142131750153,0.41736636277722267,0.40350548726063595,0.23563488378197442,0.17865128443600675,0.16171021436017852,0.17865128443600675,0.061603891184829916,0.12474787964928058,0.0708444748625544
0.24815064303172568,0.3498027136712278,0.41258781612503787,0.47238315179533324,0.48035586321803925,0.21227344162954848,0.261106299093623,0.1843689516500773,0.1684235288046652,0.06677145816516314,0.08371346993841348,0.0697612249486779
0.23083374630686734,0.2678509582713574,0.33001193685323693,0.3834424409151896,0.40893542651337617,0.32372599519888956,0.3216306813141071,0.3219799002949042,0.25702516986664803,0.1812446510336825,0.1522594756275252,0.1334016506644831
0.24039408160539108,0.2874932355249426,0.3379835285267019,0.3888506147598175,0.40053120493186634,0.2965362730774965,0.29502910015207084,0.28975399491308107,0.2524514650087963,0.19517889384262158,0.2042219313951755,0.1767160255061574
0.28232316966615345,0.31171072142609046,0.33562610837555645,0.3700804794044481,0.3848755916697957,0.2886060255596572,0.28637662508131717,0.2701628034206623,0.24705810755422905,0.21908926518959934,0.2075369172563827,0.1870669674098059
0.2900766907274488,0.11727871266993975,0.16582365711626065,0.19454684730850724,0.25424152852274495,0.26194998851044055,0.2705761223061951,0.12535424218085892,0.2664924738603326,0.6906871916356037,0.18693015470161758,0.1776616492402217
0.26161800403230956,0.2914548278579694,0.3292966531978306,0.37077711558960147,0.39661143865816056,0.3118311953486638,0.316379491663551,0.28454141745934086,0.269623005546511,0.19139230893045178,0.17410878293388057,0.15955423472624167
0.2301931244378018,0.2854637690917331,0.32585385556960594,0.3376975651383055,0.3636626207312238,0.3021664364322068,0.293663260331602,0.28683035096504456,0.26997584119420287,0.26633162286537226,0.2478068463604832,0.21910862702094194
0.2407454900143922,0.28427728321081824,0.2848642287370622,0.29014673847325767,0.30384213408561644,0.27302749395780923,0.2750818032996631,0.264418959572898,0.2733209667209312,0.3874818715753789,0.29865744860379495,0.2634407170291581
0.22163700318736185,0.3582741969068956,0.4113990778242882,0.40289909687750536,0.3518992111968085,0.24394945317266675,0.2479869441223886,0.3002618269451029,0.2326869784181795,0.14619967228466438,0.2120745246222312,0.1882745779712393
0.2885200040383651,0.3141306562692324,0.341341974264529,0.34974546952778235,0.3613502963198941,0.27091268062964374,0.2707125974090901,0.25370552366202975,0.2433011961932399,0.2515046082359396,0.25110444179483227,0.22829495465171606
0.29240908717376224,0.3116436834475722,0.3444937804545285,0.38512416359471124,0.4060877123425715,0.2960831111811192,0.30213444484029534,0.26107182358159997,0.24183722730779006,0.17764986670867153,0.16208929444221853,0.14847379370907218
0.27989828435464387,0.328475672548425,0.379944571944217,0.4210040310127701,0.4348832847824219,0.2613926126617748,0.26254921714257917,0.2342124073628735,0.21165861998718938,0.19951427293874407,0.1324312130520939,0.09368496294514939
0.2522869192668954,0.32337896060660043,0.35828335635461445,0.3433976581679614,0.36906265504150115,0.28436816535882004,0.2766686662967581,0.26691596748481305,0.26101301820389894,0.2076298247069363,0.2512603193919538,0.21507267380026282
0.2799800189579813,0.3056238345081868,0.3421978009486438,0.36658044524228184,0.3623765410537236,0.251603665685213,0.2581197171774783,0.22785160701985868,0.22280692199358873,0.36658044524228184,0.20935442859020226,0.1889654932756946
0.28037252211399366,0.3419319416416239,0.3763585364485451,0.3763585364485451,0.34368244646231483,0.255865454624321,0.2736622536346785,0.29991982594504213,0.24127791445189672,0.20947707687601191,0.19926579875531497,0.17592573447943619
0.32334314293258515,0.2991631465637204,0.2801278302733375,0.26572272605358827,0.30578692216476583,0.2837291063282748,0.26697674182271824,0.27343974617131106,0.2542115043779851,0.5004809088848139,0.0885849601013596,0.11774886529625367
0.28802569606309686,0.30570502267566546,0.3591113218177998,0.3392220793786601,0.37900056425693945,0.2736612431903849,0.278081074843527,0.26703149571067164,0.24972048840253155,0.27292460458152784,0.20368057534896747,0.1845279715186848
0.2318594520153856,0.24342613669642524,0.22327206490370466,0.2159114473794067,0.2348387495847443,0.2059220378821452,0.20101495953261322,0.2308079352262002,0.1912008028335493,0.6911094096921188,0.21030335783708445,0.20215410272089743
0.2794880944820819,0.3321848720729772,0.3926885796773385,0.35716704811606836,0.4004955096908045,0.27519428297467563,0.2853432919921814,0.22249750538378027,0.24045344441475203,0.19634428983866925,0.19400221083462946,0.16941038129221164
0.3322344366841666,0.35406503621988183,0.40454829764622335,0.3772600482265793,0.3622515110457751,0.25855616325112757,0.25173410089621656,0.2558273383091632,0.2299035013605013,0.16304729028237333,0.17259817757924875,0.1487209593370602
0.2666801993587101,0.3215334569948562,0.40322979815507376,0.3652993540449727,0.38047153168901315,0.2847701034727583,0.2847701034727583,0.2532586575966744,0.23575229877662776,0.20073958113653453,0.1972383093725252,0.15347241232240869
0.3565142232286097,0.37722719746548317,0.4374831225182059,0.3922911787286638,0.377854863351449,0.232236377807369,0.22156605774594934,0.21152340357049554,0.20587441059680278,0.13934182668442138,0.13620349725459208,0.11988418421947966
0.3526161000581411,0.3909439370209825,0.4553347031185561,0.40780818528463275,0.420073093112742,0.20850343307785735,0.21923522742745294,0.16557625567947495,0.1855067309001525,0.05672519870500531,0.10425171653892867,0.07205633349014187
0.30759925476449024,0.42614948066004066,0.34337476672113565,0.25533894808272395,0.24972710306991683,0.20062345920785452,0.1753701566502225,0.32408404948961117,0.1637957263113078,0.47437627373885183,0.1629188755280567,0.154501108008846
0.34964723815749166,0.3573197480857125,0.46254274138702656,0.33868650968860475,0.42308411889903375,0.23565566208106803,0.2488085362437323,0.16002663564574854,0.24113602631551148,0.10960728468886885,0.1435855429424182,0.09207011913864983
0.2673470511727217,0.25978710885164213,0.38555705837505616,0.4570328766834445,0.457720144167179,0.28590327323355325,0.2694088536239252,0.2542889689817661,0.2109911175064924,0.11614820475113101,0.09484291275536141,0.0893447728854854
0.30369383285896173,0.36195346610129314,0.4722748992623037,0.3917030660548241,0.3979008993784764,0.22931983297513436,0.2863398995527353,0.18097673305064657,0.16238323307968974,0.11527969981993241,0.12643579980250652,0.13635233312035017
0.2909850816358651,0.26211650022686356,0.24661773380669166,0.2282235934398942,0.2433391486024245,0.23235375921669826,0.22707395966696936,0.23759097973780033,0.22021873605804718,0.6682352752697202,0.08741474577091471,0.09912397864329733
0.31066575970280536,0.37571970083715345,0.4527223250369941,0.3823578580957604,0.4274973274542877,0.25224997582706415,0.2057828750168155,0.17923024598238768,0.21242103227542244,0.06505394113434812,0.17126445727205936,0.10621051613771122
0.35177832665478487,0.4066009230165695,0.5040633165486311,0.35330117655372334,0.3852810244314311,0.23451888443652325,0.2284274848407694,0.12944224140976932,0.1263965416118924,0.0030456997978769254,0.1629449391864155,0.12791939151083087
0.2906208898295248,0.3330358305073473,0.5890963983030908,0.46185157626962314,0.40372739830371823,0.13509944067750881,0.17908530508413958,0.13352851694870058,0.06754972033875441,0.04241494067782253,0.06126602542352144,0.04712771186424726
0.2012590630083021,0.4134958930897843,0.5068069132118153,0.47570323983780494,0.41532552093531433,0.1646665060977017,0.14819985548793155,0.1628368782521717,0.1628368782521717,0.001829627845530019,0.15002948333346156,0.08599250873991089
0.2278553344799671,0.24816555928040984,0.3528901559076928,0.45380658538489266,0.49061886783569514,0.30084520485655825,0.28942070340630915,0.27672681290603246,0.2208736947048149,0.0920307061270062,0.06791231417648044,0.050775562001106875
0.19002150700585468,0.29939435115457336,0.42975794317021787,0.5059875012132642,0.5037779488062194,0.24636509338549764,0.21985046450095977,0.17786896876710817,0.1513543398825703,0.037562390919761976,0.1104776203522411,0.049714929158508496
0.4138717020144591,0.407671376890647,0.410771539452553,0.39062048280016365,0.3782198325525394,0.23251219214295454,0.25576341135725,0.16740877834292728,0.16585869706197423,0.0077504064047651516,0.12090633991433636,0.09145479557622879
0.32581211019662976,0.29966286894463706,0.28256052158551387,0.27537257849254904,0.28931470949183424,0.275496508545876,0.26617077203302075,0.2614924125199273,0.2593546191000369,0.45454445309003,0.20401985028954042,0.18453184940387285
0.3555834668803992,0.3500158760628564,0.40532061151711474,0.3875043209009778,0.3927007389973511,0.2613055957033414,0.2594497320974938,0.22418832358638946,0.20006209671037073,0.14661322486196,0.14141680676558674,0.12248699798594126
0.22635256015008612,0.294693621580016,0.38654052579476245,0.3987287405720748,0.405258141345635,0.2842465803423197,0.2885995141913598,0.26509367140654316,0.23462313446326236,0.17890558119554884,0.19414084966718925,0.1736820605767007
0.322813857782572,0.30293615718019684,0.330764938023522,0.29657529298743684,0.31565788556571694,0.2417128393248815,0.25125413561402155,0.23137643501164643,0.2464834874694515,0.47706481445700294,0.1470949844575759,0.1478900924816709
0.284015085682391,0.3269982116764693,0.35855544341895723,0.34223273734525655,0.39718584779338206,0.28265486017624925,0.2766698679492257,0.267420334507462,0.23096629094286394,0.2102908632495098,0.22117266729864357,0.18580680413895886
0.27298384863430675,0.31851458606265914,0.35983322883904945,0.37788506306174424,0.3822977336495141,0.2697746336613832,0.2693734817897678,0.26596369088103655,0.2380836358037635,0.2182266181587992,0.21581970692910657,0.19656441709156547
0.2697500112393636,0.3581649418543533,0.37581038448239795,0.37806299417959516,0.34859135064126523,0.2605518549758084,0.26092728992534125,0.264306204471137,0.23032934153841275,0.15993528850100053,0.2462853268935595,0.21944172800195966
0.221179294259508,0.31340339664489425,0.36413986557897493,0.35885481673167485,0.3548910300961998,0.28195735600345884,0.27640805471379376,0.3097038624517842,0.25368234467040346,0.22699284799153807,0.23386341149302817,0.2077024196988928
0.24855968905168951,0.23863373066212878,0.22247837769705064,0.21453761098540206,0.23404725333729728,0.2147429756417378,0.2120732351093732,0.21522215983985454,0.20789748709721317,0.6738698923230051,0.215632889152526,0.22302601678061262
0.31980434821282616,0.3079710675207558,0.2896248959051429,0.2739694961264865,0.28448796785277125,0.2578860190101325,0.24663370041922322,0.24987485740464818,0.23990677082683182,0.5136010743790841,0.1779272877187528,0.14224398392638563
0.19063213259835102,0.21666122742647437,0.21566964286159349,0.20079587438838015,0.2269489172871136,0.2094722393310879,0.1903842364571308,0.2114554084608497,0.18753343083309823,0.7599256209105918,0.1550590363332491,0.1297736299287864
0.47920541253214427,0.1939346639425015,0.19448405392534146,0.18624320418274223,0.23129318277561794,0.21659700073464935,0.21014166843627996,0.15327980521234538,0.22154151058020888,0.6153167807807414,0.19269853648111163,0.16536638483482421
0.24698967731619695,0.2520483951052818,0.2133536414905273,0.18690630989145193,0.21397488753480087,0.19755624207899905,0.19174315409329626,0.20643118556862167,0.1891694204813057,0.7210447838143881,0.19178752881074437,0.19582562809852266
0.20654923460217173,0.30727628069848695,0.3786082744320643,0.3813518126525865,0.35352449641586126,0.2520135822565397,0.2743538220522205,0.3174665655175694,0.26494740529614436,0.22105079376778908,0.22692980424033668,0.19753475187759875
0.31385308665792544,0.31281523124579363,0.315283644117891,0.2829698756104345,0.2939094326572297,0.26743009457473066,0.25550878240835134,0.3078784055015989,0.24431677404509167,0.43646027602085263,0.17444385967697187,0.15991388390712602
0.27103662906757214,0.31999350709286656,0.3682408651467799,0.3838503045171637,0.4175525031577649,0.27493898891016805,0.2916127082376234,0.23839871038404248,0.24088203028387625,0.16212531346057651,0.19086087230151022,0.1692205131743873
0.28898431429944343,0.2909303366179582,0.33471583878454053,0.3259587383512241,0.36779821819929165,0.32206669371419455,0.2977414147327599,0.21600847735513953,0.28995732545870084,0.31428260444013545,0.1916831983737049,0.1401136069330635
0.3109309612108632,0.2791885893007055,0.3318520699698308,0.3852369681823688,0.42275068043982794,0.30948812612403787,0.3231950594488787,0.22003235074086608,0.21426101039356468,0.17097595778880414,0.18035438585316893,0.1781901332229309
0.1991819250718556,0.2967942592130299,0.3891302509681947,0.4102356205122324,0.4537654451968101,0.32317597114307695,0.30207060159903926,0.23347815058091684,0.2018200962648603,0.055401595053098905,0.1701620419488038,0.15301392919427317
0.19607077545199453,0.30268425960401657,0.4203267248752133,0.4865006115902614,0.4901769386299863,0.22670683411636866,0.27449908563279235,0.18136546729309494,0.17278737086707016,0.04779225151642366,0.10538804180544706,0.11396613823147182
0.3027059999212102,0.3182864557995078,0.38339050357667986,0.42957542635877627,0.4640750072321495,0.25985974625589187,0.26876286390063336,0.22591661023531498,0.19809436759549787,0.13688543378790022,0.0790151690970806,0.07178138601072816
0.21066052926479892,0.35966431825697376,0.4714171600011049,0.4264591202189832,0.4405887898647929,0.26974823869273035,0.22992826059999394,0.17983215912848688,0.17340958201675521,0.06551028653966308,0.14515024272513585,0.11945993427820914
0.2686909627997433,0.32440614572142923,0.441228303460448,0.5068284381908201,0.4870585345734477,0.1959017722085085,0.198597668156332,0.17523323660852824,0.1285043735129207,0.060208342834725086,0.056613814904293736,0.04313433516517618
0.30214849027395296,0.33641275205759713,0.47035486630275153,0.47191233274746264,0.5124064603099512,0.16820637602879857,0.1479593122475543,0.1308271813557322,0.11525251690862123,0.031149328894221957,0.0747583893461327,0.04205159400719964
0.3007745202943159,0.2686617519621408,0.2523792215401929,0.2446902488409397,0.2575805854249818,0.23225220476861838,0.2356443986065242,0.24830858893470592,0.2354182523506638,0.5755422211646872,0.22184947699904053,0.20104402145988484
0.27066724573382084,0.3316626813921466,0.4034593921149677,0.4187082510295491,0.42569731136539896,0.2598659706693256,0.2738440913410253,0.25033543384771223,0.2001412732538816,0.12389697868097432,0.1448641596885238,0.125803086045297
0.24861061994816774,0.32939341585072096,0.40078286339251223,0.3801174969988358,0.4039139795127662,0.24861061994816774,0.27052843278994576,0.22919770000259293,0.25800396830892974,0.1603131453570049,0.22356169098613574,0.17784739563042729
0.2068981136945701,0.25474664386424456,0.30954523986862037,0.34964177353035875,0.39454989123150574,0.329326196475078,0.33948398500271837,0.30473365582921175,0.2849526992227542,0.23015410321837837,0.19727494561575287,0.17000930272577078
0.2633094244380123,0.3027941562304028,0.3294288273802993,0.37008174650382564,0.38924001873445296,0.300224144101904,0.29765413197340523,0.2810658718712767,0.2546648381876073,0.2009282209553599,0.20747007000972045,0.18971362257645608
0.36936199704750955,0.33775779467546546,0.31526646047204754,0.2991735230678778,0.32360376539228003,0.2920480357232605,0.2740888992526434,0.27881498779754266,0.2564448353516863,0.38511562553050704,0.04214701527989627,0.04318917839492533
0.2624334410580878,0.31689511297664197,0.3480160683586729,0.3629780661384954,0.36761628545024044,0.29131009677314534,0.2821832781274536,0.27739543883791035,0.2531570024345978,0.20273506991659576,0.23235982552064444,0.20512898956136738
0.23786619752221233,0.3227028296802803,0.33518560389427393,0.3624627771767045,0.35298511527348714,0.2794754449021912,0.273696382766083,0.2898777567471859,0.2478061843963184,0.24641920948365242,0.24757502191087408,0.2246899358518857
0.2542744453912847,0.2556198128272174,0.32356086834181996,0.32221550090588724,0.4046192563567665,0.30573474981571136,0.2875722894306196,0.24384784776280607,0.27613666622519145,0.26571006859671287,0.25864688955806603,0.21996757577500026
0.3313412343417191,0.31345326376534577,0.29410115324855757,0.27729537306292573,0.31173449079181526,0.27621318267218425,0.25558790698981787,0.2780592721622726,0.243333692271128,0.49866696622783024,0.05439598169932737,0.04023201923227021
0.2618420284715239,0.3061977819284487,0.33538672936461855,0.3474057077206885,0.3765946551568584,0.28015666215696383,0.2896001451510188,0.24238273018074397,0.2586942008068389,0.23637324100270898,0.2558325392934889,0.230936084127344
0.3549910054164631,0.36723207456875495,0.4311576579196123,0.3468302926482686,0.4474790834560014,0.25706245219812845,0.26114280858222577,0.16593449295328927,0.22305948233065115,0.035363088662176405,0.12105057272821923,0.07072617732435281
0.2919702576882602,0.30726810053120795,0.3715190404715885,0.360592009869483,0.4091080257428316,0.2744870087248913,0.2744870087248913,0.24214299814265888,0.24520256671124843,0.22465974917929002,0.19187865737297338,0.16783919004834116
0.4385262897370239,0.4125066401288937,0.4036218817261175,0.3293706865029167,0.3750637297171941,0.2614657472816988,0.23036909287198218,0.17579129125492854,0.19229155686008428,0.14850239044640173,0.10090547043152938,0.062193308819433205
0.2609273560782097,0.3109740784735384,0.3777030416673101,0.33749456384542204,0.37128679520637053,0.29086983956259443,0.292580838618845,0.2622106053703976,0.25493885938133276,0.2181523796719458,0.22841837400944914,0.19248739382818747
0.3179362515532337,0.27566954813943223,0.2583293621235137,0.24414193720139854,0.2693640259518255,0.24187589016522737,0.23872312907142398,0.234289558783263,0.2335998922939935,0.5084812501599749,0.2826647368163085,0.246210936669207
0.2891588379722558,0.34226964494675177,0.4116087540523437,0.37030034862773575,0.3791521497901517,0.2552269335163278,0.2662916849693478,0.24858808264451582,0.23752333119149585,0.1681842220859039,0.19105137508881187,0.17261012266711187
0.2784794609079814,0.36223669340329384,0.43372375808082164,0.3841096012523882,0.3830426301377982,0.23953501522544762,0.24166895745462755,0.1984566273137339,0.19899011287102888,0.2117937662461085,0.1915213150688991,0.18031811836570444
0.25394191735536376,0.30487582628050836,0.4140199168343896,0.4038331350493607,0.40310550777900145,0.2597629355182374,0.2597629355182374,0.2706773445736255,0.23866174467782036,0.18627258121195736,0.16153325401974428,0.13970443590896803
0.3607983329825594,0.3062776959985282,0.3591947848359703,0.38084268481492384,0.35999655890926485,0.21407367756965193,0.22289319237589228,0.17558852205151226,0.15714771836573702,0.4313544514324822,0.136301592460078,0.12908562580042682
0.2955334053157119,0.33701177799160126,0.44330010797356784,0.46403929431151253,0.4731126883343633,0.2449816386169717,0.21128046081781157,0.17887548216477298,0.119250321443182,0.05314416499098328,0.08166054620565723,0.054440364137104826
0.250932751118116,0.33853109332662196,0.40057991905764706,0.44894150381859305,0.47814095122142836,0.2691824057448881,0.2700948884762267,0.18979640811842957,0.149647167939531,0.10219806590992361,0.096723169521892,0.09033579040252177
0.23795117739997793,0.29631656053582156,0.377130167954682,0.43100590623392226,0.4771851104732711,0.2834890038026691,0.28092349245603865,0.24693046711318464,0.20780641907706968,0.09813080900861623,0.12378592247492112,0.10711009872182295
0.18006680424763022,0.37175082167252693,0.39498524802705987,0.3775594282611602,0.46468852709065867,0.28462172284302845,0.348516395317994,0.0871290988294985,0.2962389360202949,0.0174258197658997,0.11617213177266467,0.046468852709065867
0.25102194343714657,0.26036850516087007,0.4726689785997334,0.44863496273873,0.5033791099776822,0.24568105102359025,0.18426078826769268,0.2136356965422524,0.17624944964735823,0.06809637827284294,0.09213039413384634,0.0827838324101228
0.2358482403036028,0.37845415304531616,0.4689540592083265,0.388052627941393,0.375711731646437,0.27698456128678933,0.2865830361828662,0.20431039421649314,0.19196949792153717,0.04387874238206564,0.1686589160310648,0.14534833414059242
0.34387939238997095,0.36894348804521665,0.489251147190396,0.4531588494468422,0.41205373257223926,0.2055255843730147,0.1664255951508314,0.1473768824528447,0.17143841428188056,0.03909998922218329,0.07218459548710761,0.05514101044154053
0.3162410123168075,0.3360424753348028,0.42922583071360426,0.3849637369086736,0.3948644684176712,0.22422244888024104,0.2143217173712434,0.23354078441812118,0.18753150269983795,0.29061558958763706,0.13045669753032205,0.10599606674338667
0.24652082710350334,0.3817912296679898,0.520854260341761,0.39696174210512847,0.4171890920213134,0.20227349916184892,0.2541060833220727,0.13274198382496336,0.1795177305061409,0.0012642093697615557,0.136534611934248,0.12768514634591713
0.21263608403210668,0.33732321184150954,0.42749872391795274,0.4664634513583911,0.48316262026143614,0.24269458805758773,0.26050703488750243,0.17478463451853796,0.16699168903045028,0.018925724756784366,0.10910123683322752,0.09796845756453083
0.2713897272820181,0.4070845909230272,0.5371837900839946,0.40568567480301676,0.40988242316304796,0.20703958576153958,0.20004500516148757,0.12730136692094665,0.11890787020088422,0.0013989161200104027,0.11471112184085301,0.11191328960083222
0.4081807409051158,0.323220043703146,0.6224294555883441,0.33245490209466444,0.299209411885198,0.21055477132662082,0.24749420489269466,0.11266527237652518,0.0849606972019698,0.03509246188777014,0.07941978216705874,0.0868076688802735
0.23948131331322572,0.36346809254631424,0.49764556596294424,0.3855479299439875,0.4229138086169731,0.2836409881085723,0.25306890555794775,0.11549453408013723,0.1426697185695813,0.01528604127531228,0.20211543464024015,0.1239867792330885
0.3744084466277371,0.4057895014028942,0.4999326657283657,0.40470739606581985,0.4014610800545967,0.1482484311791907,0.17746527528019906,0.17962948595434786,0.13093474578600053,0.084404216291802,0.08115790028057884,0.05735158286494239
0.2917404793052025,0.29409322510605096,0.5176040761866496,0.48231288917392356,0.44466895636034903,0.13881200225005605,0.13645925644920764,0.1317537648475108,0.16704495186023693,0.06822962822460382,0.14351749385175286,0.14116474805090445
0.33620251685601854,0.32716039537578334,0.41429356600350453,0.2934579425858157,0.27455168858168755,0.1956386283905438,0.19399460630322832,0.14549595472742122,0.18741851795396633,0.500604725587568,0.18659650691030857,0.17015628603715363
0.24849136176083242,0.3344249738971434,0.39529461582703024,0.419642472598985,0.41104911138535394,0.27355533196725645,0.2592330632778713,0.25135581549870945,0.20767289599608474,0.17473167801049888,0.16398997649346003,0.138926006287036
0.2658509398891394,0.32752835794341967,0.3721913158447951,0.36439302160804704,0.4076381078300137,0.27932072084352244,0.28853688675967926,0.2594705173318,0.22118798198776396,0.18574119000254535,0.20275565015545027,0.1772339599260929
0.25511222974083586,0.2992506948864725,0.3644460424869083,0.393601725885861,0.38793256522495356,0.28345803304537315,0.2907469538951113,0.28345803304537315,0.24336896837181324,0.20813918426474542,0.17938844091300044,0.16481059921352412
0.26898872532714907,0.33075048703368476,0.3766654809339383,0.3843857011472553,0.3799160999711244,0.2771152729201143,0.2600495229748873,0.2901177490688586,0.23526355281634334,0.2031636898241307,0.17919037442488328,0.1641562613778976
0.2780178669987007,0.31155741027571243,0.3575703374160757,0.36533155404216106,0.38362585037507657,0.28106691638751996,0.2891053193216798,0.2705338366806898,0.25196235403969985,0.21454220244964542,0.19846539658132573,0.18017110024841024
0.27512481391238613,0.3072673512818443,0.365812687204786,0.319129478168192,0.35165466479204843,0.2881348885619287,0.27971660496516587,0.28048190347396246,0.2644106347892334,0.24451287356052118,0.23762518698135157,0.21083973917346974
0.2616083958850149,0.27900963078604746,0.344485463803492,0.3350475058910676,0.35451329408544296,0.29316656765468413,0.28343367355749643,0.2554147360049864,0.2666223110259904,0.28490835448131274,0.24981094849448435,0.22562618134389673
0.25345208131857766,0.3559280771603483,0.4067749453261123,0.3700087483447137,0.304690079239463,0.2428915779303036,0.2597101574005179,0.2964763543819165,0.22841977699081692,0.2632303251966092,0.206125380948905,0.1885245419684482
0.2689030887187852,0.2973194620863281,0.3425751678198222,0.33257681422753865,0.3517841777074519,0.27521783835601693,0.2794276714475048,0.2794276714475048,0.2667981721730413,0.2860055356529545,0.23522442398688256,0.21759574791627725
0.24133349767875023,0.29492750580687693,0.3241314264036406,0.3241314264036406,0.3303894093886614,0.29396473919379684,0.2987785722591974,0.2958902724199571,0.28241153983683537,0.26636542961883336,0.25834237450983233,0.23411274808064933
0.3304717918950994,0.3419701660976351,0.37220663159319184,0.3713549001707818,0.37369716158240945,0.25594529243422004,0.24998317247734966,0.22230190124902305,0.2095259299128723,0.23060628261752103,0.21357165416932003,0.1939818314538889
0.30979875301470594,0.33546779255021014,0.3571537052612396,0.33325494431439084,0.3478597426707984,0.263550224886082,0.25248598370698533,0.2312426406431198,0.24695386311743703,0.2792614473603992,0.24164302735147064,0.21862940569894962
0.3796527885940509,0.42183643177116764,0.49390015553207545,0.356803315206446,0.3743798331969113,0.18806874249797892,0.17576517990465318,0.14764275111990868,0.13358153672753642,0.1801593094022695,0.14149096982324583,0.08876141585184986
0.2523143034139766,0.34683452233995543,0.3744354678114534,0.3437098870035595,0.3614161539098034,0.26819786637398957,0.2562200975844716,0.2619485957011976,0.24736696413134962,0.21664138332345564,0.2520539171359436,0.22184910888411566
0.24690623953763238,0.3301299552160505,0.34893132619987915,0.32404715872128237,0.3514197429477388,0.28810336125219815,0.2928037039981553,0.28644441675362503,0.2728963700152779,0.23474064654809618,0.23750555404571805,0.20736806232163973
0.2777951943210654,0.3107093168709547,0.352839393734813,0.3258498132439038,0.3610679243722853,0.2797700416740588,0.2810866065760544,0.2524513199576507,0.25771757956563296,0.25442616731064405,0.24883076647716287,0.22612002191773928
0.23400980536925803,0.30392928961148585,0.3196769211975732,0.3042442422432076,0.3270783080430343,0.298732571188077,0.3014096685577119,0.2840872738130158,0.2781031738103026,0.3047166711907902,0.2566863948532238,0.2329074711582319
0.23080971281509002,0.2594276286897373,0.28369064432259045,0.2594276286897373,0.2930225734121493,0.2158786262717958,0.22209991233150173,0.22769906978523707,0.1978368966986486,0.6439031071795638,0.1617534375523542,0.1343797788896481
0.41575455120938437,0.3823859646698025,0.3995211847847229,0.35983962241332834,0.3652507445548821,0.2209541541134472,0.23087454470629587,0.20562264137904476,0.20381893399852682,0.19480039709593713,0.1451984441316939,0.11543727235314794
0.31109182778250544,0.34018674692763184,0.3961385145144134,0.3901703259718234,0.3946464673787659,0.2715525786878465,0.28796509717996904,0.23499742386448252,0.1947121512019998,0.1626331377855784,0.16487120848904965,0.1380143600473945
0.28106603268388536,0.45875787839656046,0.30676988457942955,0.18355902929752754,0.1444444720651777,0.11147648811219708,0.10980014994509638,0.31850425174913455,0.08549324652213611,0.6425962973886048,0.10002151063700891,0.07543521751953186
0.3072158891088797,0.3630733234923124,0.4934073370536553,0.4154396682267805,0.3758739855385157,0.17804557209719166,0.21761125478545648,0.1815366617461562,0.21062907548752738,0.15477164110409472,0.14778946180616562,0.11753335151513959
0.4894302552844794,0.41844418772413505,0.47946729843390473,0.3511942289827562,0.3175692496120668,0.1880508105545964,0.20673135464942388,0.15193509197126331,0.13200917827011405,0.08842124204884996,0.041097197008620405,0.05106015385919505
0.3146924878255564,0.42200142045572697,0.46781871753377735,0.3942698985400649,0.35327547483865146,0.19170921672131597,0.25078941558511775,0.1748291599030869,0.20858927353954504,0.06390307224043866,0.16156625811733547,0.1386576095783103
0.3831776379721268,0.42344376264038414,0.5260574351820724,0.3494060495406851,0.35200386403541134,0.20522734508337637,0.20133062334128693,0.16626012766248213,0.11040711602586703,0.10131476529432504,0.1000158580469619,0.08702678557333049
0.3157619890325159,0.42879740923092624,0.5160312661231777,0.35385001105589325,0.34156355233867475,0.1830682348865559,0.20272656883410553,0.17692500552794663,0.2260708403968207,0.08354791927708591,0.17692500552794663,0.11057812845496665
0.2907619600239283,0.3497888240889363,0.5181246956817369,0.41428113853033394,0.4459807507133938,0.18035986242085777,0.17817368227030195,0.16614969144224476,0.19238385324891497,0.07651630526945481,0.1093090075277926,0.08307484572112238
0.3047546652380937,0.4226656964314037,0.6240214573922871,0.3319649032057806,0.30656868110260616,0.13786520570294714,0.14330725329648453,0.06167653939342372,0.21042584028344563,0.0,0.1832156023157587,0.1106549677352602
0.30585392785112786,0.4361454927840993,0.4659579695060504,0.31579142009177824,0.327937243941462,0.25837479825690945,0.3069580936556446,0.25727063245239273,0.17666652872267313,0.0,0.15127071521878888,0.10047908821102035
0.48968360193985644,0.38618411862433244,0.327347203044448,0.2957892210516009,0.2928473752726067,0.2679754064138373,0.2535336180442293,0.19576646456579733,0.24123135387752623,0.14575508632289555,0.20084783454769645,0.19095253510926133
0.3030338017808781,0.3068217243031391,0.3939439423151415,0.48674804411053546,0.4403459932128385,0.2575787315137464,0.2320102544884848,0.2594726927748769,0.14962293962930856,0.120266540081786,0.05492487657278416,0.023674515764131102
0.2448058288851306,0.3080535354360002,0.33781716204817414,0.4218994072275655,0.4888675671049569,0.3013567194482611,0.3154944420890437,0.20536902362400014,0.19792811697095666,0.09821996782017399,0.14212131707313053,0.11161359979565226
0.23605584618306716,0.3511011141784248,0.4073454674205996,0.4840423127508381,0.44143295423403894,0.23776022052373913,0.24287334354575502,0.27610864318885836,0.16447212387484464,0.0681749736268786,0.04431373285747109,0.022156866428735544
0.2631100873004556,0.36430627472370775,0.43739241008494545,0.48574169963161035,0.4216507809302173,0.2080143852589072,0.2305024269085188,0.23724883940340227,0.16303830195968402,0.0877033624334852,0.06858852703131535,0.03485646455689796
0.22738569305520087,0.262914707595076,0.3961485121196078,0.518723612282177,0.5133942601011957,0.25314422859661034,0.25136777786961656,0.21495053796624458,0.12346332552606609,0.023982084814415716,0.009770478998465662,0.014211605815950054
0.2565600237515283,0.3798280393871623,0.34244125662294805,0.3484014683679677,0.35815454213254533,0.2869029199079921,0.26387482907496157,0.36682394103439214,0.22784263988916084,0.21700589126185235,0.1593002048214347,0.1099929985671811
0.2485038063515813,0.30395506892590113,0.46004010432028275,0.500088238401736,0.4939269870045893,0.20332129610583927,0.22488567599585252,0.17148816388724827,0.12117127747721734,0.04415563501288428,0.028752506520017672,0.03696750838287986
0.3380136017571562,0.32304620979742976,0.34986278705860635,0.3367663190938457,0.3560992003751591,0.1902106061548573,0.18958696482320203,0.13720109296415936,0.14593207160733315,0.503902195977458,0.16089946356705961,0.16339402889368068
0.3623185639531796,0.3150596208288518,0.3765712610859134,0.3825723967207486,0.3900738162642927,0.24304599321082854,0.2655502518414608,0.2235423023976139,0.19578705008650077,0.24229585125647413,0.17178250754715968,0.15152867477959064
0.24692827660793484,0.31107690362707807,0.3638018025469218,0.3585293126549374,0.37698302727688277,0.27900259011750644,0.28779007327081374,0.25439763728824605,0.2728513519101914,0.21529333725602862,0.22847456198598956,0.20211211252606767
0.3318541897377054,0.3859608511079835,0.4067017379665901,0.44998706706281255,0.43375506865172914,0.22454264468665394,0.2074088685860659,0.20109642475953346,0.15871287335281564,0.130757764978172,0.08296354743442635,0.04238355140671782
0.34508580277119233,0.42579799530478857,0.4163266665891115,0.3751469765209501,0.3216133794323403,0.2549022815219189,0.20260407513535394,0.24543095280624178,0.2013686844333091,0.15483563465628677,0.17048391688218809,0.14907047804674417
0.2481608597802485,0.3245306809568306,0.329786238543176,0.33766957492269417,0.32830811297201634,0.28363587348808017,0.27838031590173473,0.2765737179814285,0.2693473263002035,0.2346934934652383,0.2744386477119757,0.25522301528690017
0.31496571366035797,0.32877068425234934,0.35468155213270247,0.32409823266736765,0.3466109539404613,0.262931593736698,0.2605953679442071,0.2535866905667346,0.2571972213369477,0.24360463490791,0.25486099554445685,0.2234281394273072
0.4694228850828057,0.45755032184141176,0.4255857284991974,0.35343707495534205,0.28768134007992957,0.11735572127070143,0.08858758726270848,0.1744353522389414,0.07123537944836351,0.29635744398710206,0.14703712937418623,0.12192209174816063
